{
  "estimate_kind": "combined_aligned",
  "estimate_path": "/home/felix/hilti-slam-challenge-pipeline/out/combined_align/floor_1/trajectory_combined_aligned.csv",
  "estimate_poses": 4008,
  "groundtruth_path": "/home/felix/hilti-slam-challenge-pipeline/data/floor_1/groundtruth.txt",
  "groundtruth_poses": 3923,
  "matched_poses": 3925,
  "max_time_delta_s": 0.05,
  "time_delta_abs": {
    "max_s": 0.04037230799985991,
    "mean_s": 0.004705493683312429,
    "median_s": 0.004822716000489891,
    "p90_s": 0.005171888400582247,
    "p95_s": 0.005859244399835004,
    "rmse_s": 0.0048007442891206
  },
  "unmatched_estimate_poses": 83,
  "xy": {
    "max_m": 5.432522297766682,
    "mean_m": 3.263182259308961,
    "median_m": 3.1423669606979834,
    "p90_m": 3.646449437785775,
    "p95_m": 4.355078967002915,
    "rmse_m": 3.299592946937411
  },
  "xyz": {
    "max_m": 5.432524956282874,
    "mean_m": 3.2641119476559055,
    "median_m": 3.1424269311303266,
    "p90_m": 3.649622931396197,
    "p95_m": 4.356685891502905,
    "rmse_m": 3.300580751893653
  },
  "z_abs": {
    "max_m": 0.17862115493577624,
    "mean_m": 0.06304820984890899,
    "median_m": 0.05580007230903161,
    "p90_m": 0.14176990286272975,
    "p95_m": 0.15325283379661564,
    "rmse_m": 0.08074456199501634
  }
}
