{
  "estimate_kind": "combined_aligned",
  "estimate_path": "/home/felix/Projects/hilti-slam-challenge-pipeline/out/combined_align/floor_1/trajectory_combined_aligned.csv",
  "estimate_poses": 4007,
  "groundtruth_path": "/home/felix/Projects/hilti-slam-challenge-pipeline/data/floor_1/groundtruth.txt",
  "groundtruth_poses": 3923,
  "matched_poses": 3924,
  "max_time_delta_s": 0.05,
  "time_delta_abs": {
    "max_s": 0.041958980000345036,
    "mean_s": 0.005170858778303976,
    "median_s": 0.005035119000240229,
    "p90_s": 0.006453144599981897,
    "p95_s": 0.007944287050850107,
    "rmse_s": 0.005313245450387098
  },
  "unmatched_estimate_poses": 83,
  "xy": {
    "max_m": 1.3535550875049456,
    "mean_m": 0.9525253296908845,
    "median_m": 0.9408160039285312,
    "p90_m": 1.18147608097127,
    "p95_m": 1.2840447104656336,
    "rmse_m": 0.9676037773543705
  },
  "xyz": {
    "max_m": 1.3537540716218743,
    "mean_m": 0.9546392650664114,
    "median_m": 0.9433140754578061,
    "p90_m": 1.1815395136391424,
    "p95_m": 1.2841454490928677,
    "rmse_m": 0.9695660618529107
  },
  "z_abs": {
    "max_m": 0.1389210891063628,
    "mean_m": 0.05108581836291138,
    "median_m": 0.04157650362042592,
    "p90_m": 0.11292051051344515,
    "p95_m": 0.11920881315615299,
    "rmse_m": 0.06165450791723421
  }
}
