{
  "estimate_kind": "combined_aligned",
  "estimate_path": "/home/felix/hilti-slam-challenge-pipeline/out/combined_align/floor_1/trajectory_combined_aligned.csv",
  "estimate_poses": 4008,
  "groundtruth_path": "/home/felix/hilti-slam-challenge-pipeline/data/floor_1/groundtruth.txt",
  "groundtruth_poses": 3923,
  "matched_poses": 3925,
  "max_time_delta_s": 0.05,
  "time_delta_abs": {
    "max_s": 0.04111112800092087,
    "mean_s": 0.00510446573987271,
    "median_s": 0.0050275909998163115,
    "p90_s": 0.0061914196001453085,
    "p95_s": 0.007659658199554542,
    "rmse_s": 0.005231025476199299
  },
  "unmatched_estimate_poses": 83,
  "xy": {
    "max_m": 26.798198293958116,
    "mean_m": 13.111921875833653,
    "median_m": 12.093454874808469,
    "p90_m": 22.56087700786657,
    "p95_m": 25.095152766243167,
    "rmse_m": 14.510319833102356
  },
  "xyz": {
    "max_m": 26.921648473383193,
    "mean_m": 13.429017474269898,
    "median_m": 12.347171534690002,
    "p90_m": 22.704513442617493,
    "p95_m": 25.225372364336646,
    "rmse_m": 14.729066272152998
  },
  "z_abs": {
    "max_m": 2.5965185054105366,
    "mean_m": 2.528927851258729,
    "median_m": 2.5311410779442127,
    "p90_m": 2.5590648425327887,
    "p95_m": 2.565053822323903,
    "rmse_m": 2.5290337266536107
  }
}
